-- --------------------------------------------------------
-- Host:                         127.0.0.1
-- Server version:               8.0.30 - MySQL Community Server - GPL
-- Server OS:                    Win64
-- HeidiSQL Version:             12.1.0.6537
-- --------------------------------------------------------

/*!40101 SET @OLD_CHARACTER_SET_CLIENT=@@CHARACTER_SET_CLIENT */;
/*!40101 SET NAMES utf8 */;
/*!50503 SET NAMES utf8mb4 */;
/*!40103 SET @OLD_TIME_ZONE=@@TIME_ZONE */;
/*!40103 SET TIME_ZONE='+00:00' */;
/*!40014 SET @OLD_FOREIGN_KEY_CHECKS=@@FOREIGN_KEY_CHECKS, FOREIGN_KEY_CHECKS=0 */;
/*!40101 SET @OLD_SQL_MODE=@@SQL_MODE, SQL_MODE='NO_AUTO_VALUE_ON_ZERO' */;
/*!40111 SET @OLD_SQL_NOTES=@@SQL_NOTES, SQL_NOTES=0 */;

-- Dumping structure for table webpage.artikel
CREATE TABLE IF NOT EXISTS `artikel` (
  `id_artikel` int NOT NULL AUTO_INCREMENT,
  `tanggal` varchar(250) COLLATE utf8mb4_general_ci NOT NULL DEFAULT '',
  `judul` varchar(350) COLLATE utf8mb4_general_ci NOT NULL,
  `isi` text COLLATE utf8mb4_general_ci NOT NULL,
  `gambar` varchar(150) COLLATE utf8mb4_general_ci NOT NULL,
  PRIMARY KEY (`id_artikel`)
) ENGINE=InnoDB AUTO_INCREMENT=37 DEFAULT CHARSET=utf8mb4 COLLATE=utf8mb4_general_ci;

-- Dumping data for table webpage.artikel: ~4 rows (approximately)
INSERT INTO `artikel` (`id_artikel`, `tanggal`, `judul`, `isi`, `gambar`) VALUES
	(17, 'kamis, 13-06-2024', 'RAJA LANGIT YANG TAK TERKALAHKAN : FOUR PEAT FNATIC ONIC ', '<p>Fnatic ONIC keluar sebagai juara MPL ID S13, setelah timnya berhasil kalahkan Evos Glory dengan skor 4–2 melalui <i>game match best of </i>7. Tak bisa dimungkiri, Fnatic ONIC masih menjadi tim tangguh di skena <i>esports </i>Mobile Legends<i> </i>Indonesia. </p><p>Dengan kemenangan Fnatic ONIC di MPL ID S13, tentu saja hal ini memperpanjang rekor terbaik untuk MPL ID S13. Fnatic ONIC Onic sendiri juga akan berlaga di MSC 2024 Riyadh, Arab Saudi bersama Evos Glory yang menjadi <i>runner-up</i> MPL ID S13.</p><p>Dengan kemenangan ini, Fnatic ONIC memperpanjang rekornya sebagai salah satu tim terbaik di MPL ID S13. Keberhasilan ini tidak hanya mengukuhkan status mereka sebagai juara tetapi juga mencerminkan konsistensi dan kekuatan mereka dalam menghadapi kompetisi sengit di MPL ID.</p><p>Perjalanan menuju MSC 2024 akan menjadi tantangan berikutnya bagi Fnatic ONIC. Dengan persiapan matang dan strategi yang solid, mereka diharapkan mampu bersaing dengan tim-tim internasional dan membawa pulang gelar juara untuk Indonesia. Semua mata akan tertuju pada Riyadh saat para pemain terbaik Asia Tenggara bertarung untuk memperebutkan gelar juara MSC 2024.</p><p>Fnatic ONIC berhasil mengukuhkan dominasinya di MPL ID S13 dengan kemenangan yang gemilang. Kini, mereka siap menghadapi tantangan baru di MSC 2024 bersama Evos Glory. Perjalanan menuju Riyadh diharapkan akan membawa kisah sukses baru bagi esports Mobile Legends di Indonesia.</p><p>Tetap dukung Fnatic ONIC dan Evos Glory di MSC 2024 dan mari kita doakan yang terbaik untuk mereka di ajang internasional ini.</p> ', 'gambar/onic.jpg'),
	(18, 'kamis, 13-06-2024', '10 Tren Lifestyle Terkini yang Mengubah Cara Hidup Kita', '<p>Di era digital ini, gaya hidup atau lifestyle terus berkembang seiring dengan kemajuan teknologi dan perubahan budaya. Dari kebiasaan sehari-hari hingga tren baru dalam hiburan, berikut adalah 10 tren lifestyle terkini yang mengubah cara hidup kita:</p><h3>1. <strong>Work-Life Balance dengan Fleksibilitas Kerja</strong></h3><p>Pandemi COVID-19 mempercepat adopsi model kerja fleksibel, yang kini menjadi norma. Banyak perusahaan menawarkan kebijakan kerja dari rumah (WFH) atau hybrid, memberikan karyawan lebih banyak kontrol atas waktu dan tempat kerja mereka. Tren ini meningkatkan kesejahteraan karyawan dengan memungkinkan mereka untuk mengatur waktu lebih efisien antara pekerjaan dan kehidupan pribadi.</p><h3>2. <strong>Kesehatan Mental Menjadi Prioritas</strong></h3><p>Kesadaran akan pentingnya kesehatan mental terus meningkat. Banyak orang kini lebih terbuka untuk membicarakan masalah kesehatan mental dan mencari bantuan profesional. Aplikasi meditasi, terapi online, dan kegiatan mindfulness semakin populer, membantu individu mengelola stres dan kecemasan.</p><h3>3. <strong>Eco-Friendly Living</strong></h3><p>Kesadaran akan pentingnya menjaga lingkungan mendorong banyak orang untuk hidup lebih ramah lingkungan. Tren ini mencakup pengurangan penggunaan plastik, peningkatan konsumsi produk berkelanjutan, hingga penggunaan transportasi hijau. Gaya hidup ramah lingkungan juga terlihat dalam pilihan fashion dengan tren pakaian daur ulang dan produk vegan.</p><h3>4. <strong>Digital Detox</strong></h3><p>Seiring dengan ketergantungan pada teknologi, banyak orang kini mengadopsi tren "digital detox" untuk mengurangi penggunaan perangkat elektronik. Ini melibatkan mengambil jeda dari media sosial, smartphone, dan komputer untuk fokus pada kehidupan nyata, meningkatkan kesehatan mental, dan membangun kembali hubungan interpersonal.</p><h3>5. <strong>Traveling dengan Konsep Slow Travel</strong></h3><p>Tren slow travel mengajak orang untuk menikmati perjalanan dengan cara yang lebih santai dan mendalam. Alih-alih berfokus pada kunjungan singkat ke berbagai tempat, slow travel mendorong pelancong untuk tinggal lebih lama di satu lokasi, mengenal budaya lokal, dan berinteraksi dengan penduduk setempat, menciptakan pengalaman perjalanan yang lebih bermakna.</p><h3>6. <strong>Wellness Tourism</strong></h3><p>Wellness tourism semakin populer, dengan orang-orang mencari liburan yang tidak hanya menyegarkan pikiran tetapi juga meningkatkan kesehatan tubuh. Spa retreats, yoga retreats, dan perjalanan detoks adalah beberapa contoh dari tren ini. Destinasi wellness menawarkan berbagai program yang berfokus pada kesehatan fisik dan mental.</p><h3>7. <strong>Personal Branding</strong></h3><p>Di era digital, personal branding menjadi penting untuk membangun identitas online yang kuat. Banyak profesional dan pengusaha memanfaatkan media sosial untuk mempromosikan diri mereka, berbagi keahlian, dan membangun jaringan. Tren ini juga mendorong peningkatan penggunaan platform seperti LinkedIn untuk peluang karir dan networking.</p><h3>8. <strong>Minimalisme dan Decluttering</strong></h3><p>Konsep minimalisme, yang mendorong hidup dengan lebih sedikit barang, semakin populer. Banyak orang kini terinspirasi untuk decluttering atau merapikan rumah mereka, mengurangi barang-barang yang tidak diperlukan, dan fokus pada kualitas daripada kuantitas. Buku dan serial tentang decluttering, seperti karya Marie Kondo, telah mendapatkan perhatian luas.</p><h3>9. <strong>Plant Parenting</strong></h3><p>Merawat tanaman hias, atau plant parenting, menjadi hobi yang digemari. Banyak orang mulai mengoleksi tanaman indoor untuk mempercantik ruangan, meningkatkan kualitas udara, dan menambah elemen alami dalam kehidupan sehari-hari. Tren ini juga didukung oleh meningkatnya popularitas komunitas tanaman di media sosial.</p><h3>10. <strong>Belajar Sepanjang Hayat</strong></h3><p>Tren belajar sepanjang hayat atau lifelong learning mendorong orang untuk terus memperbarui pengetahuan dan keterampilan mereka. Kursus online, webinar, dan workshop kini lebih mudah diakses, memungkinkan orang untuk belajar berbagai topik baru sesuai minat mereka. Ini juga meningkatkan peluang karir dan pengembangan pribadi.</p><p>Gaya hidup terus berubah seiring dengan perkembangan zaman. Tren-tren ini mencerminkan adaptasi kita terhadap perubahan di sekitar, baik itu dari segi teknologi, kesehatan, atau hubungan dengan lingkungan. Dengan mengadopsi tren yang positif, kita dapat meningkatkan kualitas hidup dan menghadapi tantangan masa depan dengan lebih baik. hehe</p>', 'gambar/LIFESTYLE REVISI 1.jpg'),
	(34, 'kamis, 20-06-2024', 'Fashion: Ekspresi Diri Melalui Gaya', '<p>Fashion merupakan salah satu bentuk ekspresi diri yang paling dinamis dan berpengaruh dalam kehidupan sehari-hari. Melalui fashion, seseorang dapat menunjukkan identitas, kepribadian, dan suasana hati mereka. Lebih dari sekadar pakaian, fashion mencakup berbagai elemen seperti aksesoris, alas kaki, gaya rambut, dan riasan wajah, yang semuanya berkontribusi untuk menciptakan penampilan yang unik dan personal.</p><h3>Sejarah Fashion</h3><p>Fashion memiliki sejarah panjang yang mencerminkan perubahan sosial, budaya, dan ekonomi. Pada zaman kuno, pakaian lebih berfungsi sebagai perlindungan dari cuaca dan simbol status. Misalnya, di Mesir Kuno, pakaian dari kain linen tipis menunjukkan status sosial tinggi. Pada Abad Pertengahan di Eropa, busana yang rumit dan kaya akan detail seperti mantel panjang, hiasan kepala, dan pakaian berlapis menjadi simbol kemewahan dan kekuasaan.</p><p>Revolusi Industri pada abad ke-18 dan 19 membawa perubahan besar dalam dunia fashion. Produksi massal dan teknologi baru memungkinkan pakaian dibuat lebih cepat dan murah, menjadikan fashion lebih mudah diakses oleh berbagai kalangan. Pada abad ke-20, fashion menjadi lebih beragam dan cepat berubah dengan munculnya berbagai subkultur dan gerakan sosial.</p><h3>Trend Fashion Masa Kini</h3><p>Fashion modern ditandai dengan cepatnya perubahan tren dan pengaruh media sosial. Beberapa tren fashion masa kini antara lain:</p><ol><li><strong>Sustainability (Keberlanjutan)</strong>: Kesadaran akan dampak lingkungan dari industri fashion telah mendorong banyak brand untuk beralih ke praktik produksi yang lebih ramah lingkungan. Penggunaan bahan daur ulang, proses produksi yang hemat energi, dan fashion berkelanjutan menjadi semakin populer.</li><li><strong>Athleisure</strong>: Perpaduan antara pakaian olahraga dan pakaian sehari-hari, athleisure telah menjadi gaya yang dominan. Pakaian ini mengutamakan kenyamanan tanpa mengorbankan gaya, cocok untuk aktivitas sehari-hari maupun olahraga ringan.</li><li><strong>Streetwear</strong>: Berasal dari budaya skate dan hip-hop, streetwear kini mendominasi dunia fashion. Pakaian oversized, sneakers eksklusif, dan graphic tees menjadi ciri khas gaya ini.</li><li><strong>Vintage dan Retro</strong>: Fashion vintage dan retro kembali populer dengan banyaknya orang yang mencari inspirasi dari gaya tahun 70-an, 80-an, dan 90-an. Thrift shopping dan penggunaan kembali pakaian lama menjadi tren yang tidak hanya gaya tetapi juga berkelanjutan.</li></ol><h3>Peran Media Sosial dalam Fashion</h3><p>Media sosial telah mengubah cara fashion dipromosikan dan dikonsumsi. Platform seperti Instagram, TikTok, dan Pinterest memungkinkan individu untuk berbagi gaya mereka dengan audiens global. Influencer fashion memiliki peran besar dalam menentukan tren dan mempengaruhi keputusan pembelian pengikut mereka. Kolaborasi antara brand fashion dan influencer menjadi strategi pemasaran yang efektif.</p><h3>Fashion sebagai Ekspresi Diri</h3><p>Lebih dari sekadar tren, fashion adalah cara bagi individu untuk mengekspresikan diri mereka. Pilihan pakaian dan aksesori dapat mencerminkan suasana hati, kepercayaan diri, dan identitas seseorang. Beberapa orang menggunakan fashion untuk menyampaikan pesan tertentu atau mendukung gerakan sosial, sementara yang lain melihatnya sebagai bentuk seni dan kreativitas.</p><h3>Masa Depan Fashion</h3><p>Masa depan fashion tampaknya akan terus berkembang dengan teknologi dan kesadaran lingkungan. Penggunaan teknologi canggih seperti AI dalam desain fashion, fashion virtual, dan material inovatif yang ramah lingkungan diharapkan akan mendominasi industri ini. Selain itu, fashion akan terus menjadi platform untuk mengekspresikan diri dan mencerminkan perubahan sosial dan budaya.</p><h3>Penutup</h3><p>Fashion adalah bagian integral dari kehidupan kita yang mencerminkan siapa kita dan bagaimana kita melihat dunia. Dengan memahami sejarah, tren, dan peran fashion dalam masyarakat, kita dapat lebih menghargai nilai dan pengaruhnya. Fashion tidak hanya tentang mengikuti tren tetapi juga tentang menemukan gaya yang paling sesuai dengan diri kita dan bagaimana kita ingin dilihat oleh dunia.</p>', 'gambar/0._Kenali_Macam-macam_Style_Fashion_untuk_Gaya_Berbusana_yang_Classy_1000x1000.jpg'),
	(35, 'kamis, 20-06-2024', 'Membangun Gaya Hidup Seimbang: Kunci Kebahagiaan dan Kesehatan', '<p>Gaya hidup seimbang adalah konsep yang mengacu pada keseimbangan antara pekerjaan, kesehatan, hubungan sosial, dan waktu pribadi. Di era modern ini, di mana tuntutan hidup semakin tinggi, menjaga keseimbangan dalam hidup menjadi sangat penting untuk mencapai kebahagiaan dan kesehatan yang optimal. Artikel ini akan membahas berbagai aspek yang perlu diperhatikan untuk membangun gaya hidup seimbang.</p><h3>Pentingnya Gaya Hidup Seimbang</h3><ol><li><strong>Kesehatan Mental</strong>: Gaya hidup seimbang membantu mengurangi stres dan kecemasan. Ketika kita mampu membagi waktu dengan baik antara pekerjaan dan relaksasi, kita memberikan kesempatan bagi pikiran untuk beristirahat dan memulihkan diri.</li><li><strong>Kesehatan Fisik</strong>: Aktivitas fisik yang teratur, tidur yang cukup, dan pola makan yang sehat adalah bagian penting dari gaya hidup seimbang. Tubuh yang sehat akan meningkatkan energi dan produktivitas dalam berbagai aktivitas sehari-hari.</li><li><strong>Hubungan Sosial</strong>: Menghabiskan waktu bersama keluarga dan teman-teman sangat penting untuk kesejahteraan emosional. Interaksi sosial yang positif dapat memberikan dukungan emosional dan memperkuat hubungan interpersonal.</li><li><strong>Produktivitas</strong>: Dengan keseimbangan yang baik, kita dapat meningkatkan produktivitas di tempat kerja. Kemampuan untuk fokus dan berkinerja optimal tercapai ketika kita tidak merasa terlalu lelah atau terbebani.</li></ol><h3>Langkah-Langkah Membangun Gaya Hidup Seimbang</h3><ol><li><strong>Tetapkan Prioritas</strong>: Identifikasi hal-hal yang paling penting dalam hidup Anda. Buat daftar prioritas yang mencakup pekerjaan, keluarga, kesehatan, dan hobi. Ini akan membantu Anda mengalokasikan waktu dan energi dengan lebih efektif.</li><li><strong>Buat Jadwal Harian</strong>: Rencanakan aktivitas harian Anda dengan cermat. Tentukan waktu untuk bekerja, berolahraga, bersosialisasi, dan bersantai. Pastikan untuk menyisihkan waktu untuk diri sendiri, seperti meditasi atau membaca buku.</li><li><strong>Olahraga Teratur</strong>: Aktivitas fisik tidak hanya baik untuk tubuh, tetapi juga untuk pikiran. Lakukan olahraga yang Anda nikmati, seperti berjalan kaki, berlari, yoga, atau bersepeda. Cobalah untuk berolahraga setidaknya 30 menit setiap hari.</li><li><strong>Pola Makan Sehat</strong>: Konsumsi makanan bergizi seimbang yang kaya akan vitamin, mineral, dan serat. Hindari makanan cepat saji dan berlemak tinggi. Minum air yang cukup untuk menjaga hidrasi tubuh.</li><li><strong>Tidur yang Cukup</strong>: Tidur yang berkualitas sangat penting untuk kesehatan fisik dan mental. Usahakan untuk tidur selama 7-8 jam setiap malam. Hindari penggunaan gadget sebelum tidur untuk meningkatkan kualitas tidur.</li><li><strong>Manajemen Stres</strong>: Temukan cara yang efektif untuk mengelola stres, seperti meditasi, latihan pernapasan, atau hobi yang Anda sukai. Jangan ragu untuk mencari bantuan profesional jika merasa kesulitan mengatasi stres.</li><li><strong>Waktu untuk Diri Sendiri</strong>: Luangkan waktu untuk melakukan aktivitas yang Anda nikmati. Ini bisa berupa membaca, menulis, mendengarkan musik, atau berkebun. Waktu untuk diri sendiri penting untuk menjaga keseimbangan emosional.</li></ol><h3>Menjaga Keseimbangan dalam Kehidupan Modern</h3><p>Teknologi modern sering kali membuat kita merasa terhubung terus-menerus dan sulit untuk memisahkan antara pekerjaan dan kehidupan pribadi. Berikut beberapa tips untuk menjaga keseimbangan di era digital:</p><ol><li><strong>Batasan Waktu Gadget</strong>: Tentukan batasan waktu untuk penggunaan gadget, terutama sebelum tidur dan saat bersama keluarga.</li><li><strong>Pekerjaan dan Kehidupan Pribadi</strong>: Usahakan untuk tidak membawa pekerjaan ke rumah. Jika bekerja dari rumah, buat ruang kerja khusus untuk memisahkan antara pekerjaan dan kehidupan pribadi.</li><li><strong>Komunikasi yang Sehat</strong>: Gunakan teknologi untuk memperkuat hubungan, bukan sebaliknya. Tetap berhubungan dengan teman dan keluarga melalui panggilan video atau pesan teks, tetapi juga pastikan untuk bertemu langsung jika memungkinkan.</li></ol><h3>Penutup</h3><p>Membangun gaya hidup seimbang adalah proses yang membutuhkan kesadaran dan upaya terus-menerus. Dengan menjaga keseimbangan antara berbagai aspek kehidupan, kita dapat mencapai kesehatan dan kebahagiaan yang optimal. Mulailah dengan langkah kecil dan konsisten, dan rasakan perubahan positif dalam hidup Anda.</p>', 'gambar/healthy-lifestyle-scaled.jpg');

-- Dumping structure for table webpage.kategori
CREATE TABLE IF NOT EXISTS `kategori` (
  `id_kategori` int NOT NULL AUTO_INCREMENT,
  `nama_kategori` varchar(50) CHARACTER SET utf8mb4 COLLATE utf8mb4_general_ci NOT NULL,
  `keterangan` varchar(50) CHARACTER SET utf8mb4 COLLATE utf8mb4_general_ci NOT NULL,
  PRIMARY KEY (`id_kategori`)
) ENGINE=InnoDB AUTO_INCREMENT=15 DEFAULT CHARSET=utf8mb4 COLLATE=utf8mb4_general_ci;

-- Dumping data for table webpage.kategori: ~5 rows (approximately)
INSERT INTO `kategori` (`id_kategori`, `nama_kategori`, `keterangan`) VALUES
	(10, 'Lifestyle', 'Artikel yang membahas lifestyle kehidupan'),
	(11, 'Sport', 'Artikel yang membahas tentang olahraga'),
	(12, 'E-Sport', 'Artikel yang membahas tentang E-Sport'),
	(13, 'Teknologi', 'Artikel yang membahas tentang teknologi'),
	(14, 'Makanan', 'Artikel yang membahas tentang makanan');

-- Dumping structure for table webpage.kontributor
CREATE TABLE IF NOT EXISTS `kontributor` (
  `id_kontributor` int NOT NULL AUTO_INCREMENT,
  `id_penulis` int DEFAULT NULL,
  `id_kategori` int DEFAULT NULL,
  `id_artikel` int DEFAULT NULL,
  PRIMARY KEY (`id_kontributor`),
  KEY `FK__artikel` (`id_artikel`),
  KEY `FK__kategori` (`id_kategori`),
  KEY `FK__penulis` (`id_penulis`),
  CONSTRAINT `FK__artikel` FOREIGN KEY (`id_artikel`) REFERENCES `artikel` (`id_artikel`) ON DELETE CASCADE ON UPDATE CASCADE,
  CONSTRAINT `FK__kategori` FOREIGN KEY (`id_kategori`) REFERENCES `kategori` (`id_kategori`) ON DELETE CASCADE ON UPDATE CASCADE,
  CONSTRAINT `FK__penulis` FOREIGN KEY (`id_penulis`) REFERENCES `penulis` (`id_penulis`) ON DELETE CASCADE ON UPDATE CASCADE
) ENGINE=InnoDB AUTO_INCREMENT=23 DEFAULT CHARSET=utf8mb4 COLLATE=utf8mb4_general_ci;

-- Dumping data for table webpage.kontributor: ~4 rows (approximately)
INSERT INTO `kontributor` (`id_kontributor`, `id_penulis`, `id_kategori`, `id_artikel`) VALUES
	(12, 4, 12, 17),
	(13, 4, 10, 18),
	(20, 5, 10, 34),
	(21, 5, 10, 35);

-- Dumping structure for table webpage.penulis
CREATE TABLE IF NOT EXISTS `penulis` (
  `id_penulis` int NOT NULL AUTO_INCREMENT,
  `nama_penulis` varchar(50) COLLATE utf8mb4_general_ci DEFAULT NULL,
  `email` varchar(50) COLLATE utf8mb4_general_ci DEFAULT NULL,
  `password` varchar(50) COLLATE utf8mb4_general_ci DEFAULT NULL,
  PRIMARY KEY (`id_penulis`)
) ENGINE=InnoDB AUTO_INCREMENT=6 DEFAULT CHARSET=utf8mb4 COLLATE=utf8mb4_general_ci;

-- Dumping data for table webpage.penulis: ~5 rows (approximately)
INSERT INTO `penulis` (`id_penulis`, `nama_penulis`, `email`, `password`) VALUES
	(1, 'adminblog', 'adminblog@gmail.com', 'adminblog'),
	(2, 'nabilla', 'ptrinabilla03@gmail.com', 'nabilla1'),
	(3, 'kairi', 'kaisze1@gmail.com', 'kairirisolmayo'),
	(4, 'kairi', 'kaisze1@gmail.com', '145ba2d760aaa9a06aa874a8bb5dd8d8'),
	(5, 'adminblog', 'adminblog@gmail.com', '83ac4ef2f7b15317cad835764917f34e');

/*!40103 SET TIME_ZONE=IFNULL(@OLD_TIME_ZONE, 'system') */;
/*!40101 SET SQL_MODE=IFNULL(@OLD_SQL_MODE, '') */;
/*!40014 SET FOREIGN_KEY_CHECKS=IFNULL(@OLD_FOREIGN_KEY_CHECKS, 1) */;
/*!40101 SET CHARACTER_SET_CLIENT=@OLD_CHARACTER_SET_CLIENT */;
/*!40111 SET SQL_NOTES=IFNULL(@OLD_SQL_NOTES, 1) */;
